Mobility Database Feed ID,Feed Name,External Feed ID,Provider,Producer URL,Data Type,Redirects,Country,Subdivision,Municipality,Provider URL,License URL,Action
tfs-410,ART GTFS,anaheim-resort-transportation/410,ART GTFS,data.trilliumtransit.com/gtfs/anaheim-ca-us/anaheim-ca-us.zip,gtfs,mdb-100,United States,CA,Anaheim,http://rideart.org/gtfs/,,Create New Feed and Add Datasets
tfs-506,Foothill Transit GTFS,foothill-transit/506,Foothill Transit GTFS,foothilltransit.org/gtfs/foothilltransit-ca-us.zip,gtfs,mdb-101,United States,Avocado Heights,San Gabriel Valley,http://foothilltransit.org/about/developer-resources/,,Create New Feed and Add Datasets
tfs-789,Koleje Mazowieckie GTFS,koleje-mazowieckie/789,Koleje Mazowieckie GTFS,przyjazdy.pl/latest/km.zip,gtfs,mdb-1011,Poland,,,http://gtfs.pl/,,Create New Feed and Add Datasets
tfs-1063,Metro de Málaga GTFS,metro-de-malaga/1063,Metro de Málaga GTFS,github.com/metromalaga/GTFS/blob/master/latest/GTFS.zip?raw=true,gtfs,mdb-1017,Spain,,,https://github.com/metromalaga/GTFS,,Create New Feed and Add Datasets
tfs-413,RATP GTFS,regie-autonome-des-transports-parisiens/413,RATP GTFS,dataratp.download.opendatasoft.com/RATP_GTFS_FULL.zip,gtfs,mdb-1026,France,,,,,Create New Feed and Add Datasets
tfs-124,Auckland Transport GTFS,auckland-transport/124,Auckland Transport GTFS,cdn01.at.govt.nz/data/gtfs.zip,gtfs,mdb-1029,New Zealand,,,https://api.at.govt.nz,,Create New Feed and Add Datasets
tfs-594,TAG GTFS,tag/594,TAG GTFS,metromobilite.fr/data/Horaires/SEM-GTFS.zip,gtfs,mdb-1055,France,,,http://www.metromobilite.fr/pages/opendata/OpenDataHorairesTheoriques.html,,Create New Feed and Add Datasets
tfs-525,AVT GTFS,azienda-varesina-trasporti/525,AVT GTFS,avtvarese.it/google_transit.zip,gtfs,mdb-1059,Italy,,,,,Create New Feed and Add Datasets
tfs-706,SGM GTFS,societa-gestione-multipla-spa/706,SGM GTFS,dati.comune.lecce.it/bigfiles/google_transit.zip,gtfs,mdb-1066,Italy,Province of Lecce,73100 Lecce,http://dati.comune.lecce.it/dataset/trasporto-pubblico-locale,,Create New Feed and Add Datasets
tfs-839,MVK GTFS,mvk-zrt/839,MVK GTFS,kearney.cdata.hu/gtfs-static/mvkzrt.zip,gtfs,mdb-1070,Hungary,,,http://www.mvkzrt.hu/menetrend,,Create New Feed and Add Datasets
mdb-1074,Nantou GTFS,taiwan/958,Nantou GTFS,tcbnb.maxwin.com.tw/bnb/api/gtfs/nt/latest,gtfs,,Taiwan,,,,,Add Datasets
tfs-54,Kolumbus GTFS,kolumbus/54,Kolumbus GTFS,rkt.no/gt/google_transit.zip,gtfs,mdb-1078,Norway,,,,,Create New Feed and Add Datasets
tfs-240,Ruter GTFS,ruter/240,Ruter GTFS,reis.ruter.no/gtfs/gtfs.zip,gtfs,mdb-1078,Norway,,,,,Create New Feed and Add Datasets
tfs-456,Seattle Children's Hospital Shuttle GTFS,seattle-children-s-hospital/456,Seattle Children's Hospital Shuttle GTFS,developer.onebusaway.org/tmp/sound/gtfs/modified/98_gtfs.zip,gtfs,mdb-1080,United States,WA,Seattle,http://www.soundtransit.org/Developer-resources/Data-downloads,,Create New Feed and Add Datasets
tfs-1014,Puget Sound Region GTFS,puget-sound-region/1014,Puget Sound Region GTFS,developer.onebusaway.org/tmp/sound/gtfs/modified/gtfs_puget_sound_consolidated.zip,gtfs,mdb-1080,United States,WA,Seattle,https://www.soundtransit.org/help-contacts/business-information/open-transit-data-otd/otd-downloads,,Create New Feed and Add Datasets
tfs-1136,Amtrak GTFS,amtrak/1136,Amtrak GTFS,github.com/transitland/gtfs-archives-not-hosted-elsewhere/raw/master/amtrak.zip,gtfs,mdb-11,United States,,,freedom of information act,,Create New Feed and Add Datasets
tfs-224,Transport for Greater Manchester GTFS,transport-for-greater-manchester/224,Transport for Greater Manchester GTFS,odata.tfgm.com/opendata/downloads/TfGMgtfs.zip,gtfs,mdb-1103,UK,,,http://data.gov.uk/dataset/public-transport-schedules-gtfs,,Create New Feed and Add Datasets
tfs-475,People Mover GTFS,people-mover-grant-county/475,People Mover GTFS,oregon-gtfs.com/gtfs_data/peoplemover-or-us/peoplemover-or-us.zip,gtfs,mdb-112,United States,OR,Grant County,,,Create New Feed and Add Datasets
mdb-1124,LPT GTFS,lampoon-pattana-transport/796,LPT GTFS,thaitransit.org/CM/South/south_route2.zip,gtfs,,Thailand,Mueang Chiang Mai District,Chiang Mai,,,Add Datasets
tfs-732,Joensuu GTFS,city-of-joensuu/732,Joensuu GTFS,dev.hsl.fi/gtfs.waltti/joensuu.zip,gtfs,mdb-1125,Finland,,,,,Create New Feed and Add Datasets
tfs-22,Metlink GTFS,metlink/22,Metlink GTFS,metlink.org.nz/assets/Google_Transit/google-transit.zip,gtfs,mdb-1132,New Zealand,,,http://www.metlink.org.nz/customer-services/general-transit-feed-specification/,,Create New Feed and Add Datasets
tfs-479,Sage Stage GTFS,sage-stage/479,Sage Stage GTFS,vhr3s2s5wnj422ic3151ao3q.wpengine.netdna-cdn.com/wp-content/uploads/2016/02/GTFS-2016-Zip.zip,gtfs,mdb-1132,United States,CA,Modoc County,http://sagestage.com/gtfs-data/,,Create New Feed and Add Datasets
mdb-1137,Western Chiang Mai GTFS,coopthai-nct/799,Western Chiang Mai GTFS,thaitransit.org/CM/East/east_route.zip,gtfs,,Thailand,Mueang Chiang Mai District,Chiang Mai,,,Create New Feed and Add Datasets
mdb-1138,Cuneo GTFS,cuneo/622,Cuneo GTFS,opendata.5t.torino.it/gtfs/cuneo_it.zip,gtfs,,Italy,,,,,Add Datasets
mdb-1147,MTM GTFS,mobilita-e-trasporti-molfetta/411,MTM GTFS,mtmmolfetta.it/transit/mtm-feed-gtfs.zip,gtfs,,Italy,,,,,Add Datasets
mdb-1149,Shimada Local Voluntary Operation Bus GTFS,opentransit/588,Shimada Local Voluntary Operation Bus GTFS,opentrans.it/feed/gtfs/5724160613416960/gtfs.zip,gtfs,,Japan,,,http://opentrans.it/,,Add Datasets
tfs-660,Transbordador Vizcaya,transbordador-vizcaya/660,Transbordador Vizcaya,ftp://ftp.geo.euskadi.net/cartografia/Transporte/Moveuskadi/Transbordador_Vizcaya/google_transit.zip,gtfs,mdb-1162,Spain,Biscay,Bilbao,,,Create New Feed and Add Datasets
tfs-993,ZDZiT Olsztyn GTFS,zdzit-olsztyn/993,ZDZiT Olsztyn GTFS,ftp://helios.zdzit.olsztyn.eu/ZDZiT_GTFS_Latest.zip,gtfs,mdb-1175,Poland,,,https://www.zdzit.olsztyn.eu/pl/transport-publiczny/dane-rozkladowe,,Create New Feed and Add Datasets
mdb-1177,AMV GTFS,autolinee-mugello-valdisieve/750,AMV GTFS,dati.toscana.it/dataset/8bb8f8fe-fe7d-41d0-90dc-49f2456180d1/resource/d2e112e1-1669-480f-bb9b-fa25bd13a2db/download/amvbus.gtfs,gtfs,,Italy,50032 Borgo San Lorenzo FI,Mugello,,,Add Datasets
tfs-359,Blacksburg Transit GTFS,blacksburg-transit/359,Blacksburg Transit GTFS,bt4uclassic.org/gtfs/google_transit.zip,gtfs,mdb-1189,United States,VA,Blacksburg,,,Create New Feed and Add Datasets
mdb-1208,GreenBus GTFS,greenbus-thailand/784,GreenBus GTFS,thaitransit.org/CM/GreenBus/greenbus_transit.zip,gtfs,,Thailand,Mueang Chiang Mai District,Chiang Mai,,,Add Datasets
tfs-469,JCT GTFS,josephine-county-transit/469,JCT GTFS,oregon-gtfs.com/gtfs_data/josephinecounty-or-us/josephinecounty-or-us.zip,gtfs,mdb-121,United States,OR,Josephine County,,,Create New Feed and Add Datasets
tfs-725,Bogor Angkots GTFS,bogor-angkots/725,Bogor Angkots GTFS,github.com/michielbdejong/bogor-angkot-gtfs/blob/master/release/gtfs.zip?raw=true,gtfs,mdb-1229,Indonesia,Bogor City,Bogor,https://github.com/michielbdejong/bogor-angkot-gtfs,,Create New Feed and Add Datasets
tfs-209,DART GTFS,dart-first-state/209,DART GTFS,dartfirststate.com/information/routes/gtfs_data/dartfirststate_de_us.zip,gtfs,mdb-1235,United States,,,http://www.delaware.gov/data/,,Create New Feed and Add Datasets
tfs-468,BTS GTFS,basin-transit-service/468,BTS GTFS,oregon-gtfs.com/gtfs_data/basin-or-us/basin-or-us.zip,gtfs,mdb-125,United States,OR,Klamath Falls,,,Create New Feed and Add Datasets
tfs-438,Benton County Transportation GTFS,benton-county-transportation/438,Benton County Transportation GTFS,oregon-gtfs.com/gtfs_data/benton-or-us/benton-or-us.zip,gtfs,mdb-126,United States,OR,Benton County,,,Create New Feed and Add Datasets
mdb-1269,Philippines GTFS,philippines/71,Philippines GTFS,dotc.gov.ph/images/Open_Data/gtfs_884416.zip,gtfs,,Philippines,,,http://www.dotc.gov.ph/index.php/2014-09-02-05-02-46/transit-data,,Add Datasets
tfs-439,Caravan Airport Transportation GTFS,caravan-airport-transportation/439,Caravan Airport Transportation GTFS,oregon-gtfs.com/gtfs_data/caravan-or-us/caravan-or-us.zip,gtfs,mdb-127,United States,OR,Portland,,,Create New Feed and Add Datasets
tfs-1105,MPK SA w Krakowie Tram GTFS,mpk-sa-w-krakowie/1105,MPK SA w Krakowie Tram GTFS,ftp://ztp.krakow.pl/pliki-gtfs/GTFS_KRK_T.zip,gtfs,mdb-1270,Poland,,,www.mpk.krakow.pl,,Create New Feed and Add Datasets
mdb-1274,Coopthai GTFS,coopthai-nct/787,Coopthai GTFS,thaitransit.org/CM/South/south_route.zip,gtfs,,Thailand,Mueang Chiang Mai District,Chiang Mai,,,Add Datasets
mdb-1275,Western Chiang Mai GTFS,coopthai-nct/798,Western Chiang Mai GTFS,thaitransit.org/CM/West/west_route.zip,gtfs,,Thailand,Mueang Chiang Mai District,Chiang Mai,,,Add Datasets
mdb-1276,Miaoli GTFS,taiwan/954,Miaoli GTFS,tcbnb.maxwin.com.tw/bnb/api/gtfs/ml/latest,gtfs,,Taiwan,,,,,Add Datasets
mdb-1277,Taichung GTFS,taiwan/955,Taichung GTFS,tcbnb.maxwin.com.tw/bnb/api/gtfs/tc/latest,gtfs,,Taiwan,,,,,Add Datasets
tfs-279,Cherriots GTFS,cherriots/279,Cherriots GTFS,cherriots.org/media/doc/salem-or-us.zip,gtfs,mdb-128,United States,OR,Salem,https://www.cherriots.org/data/,,Create New Feed and Add Datasets
mdb-1282,Northern Chiang Mai GTFS,northern-chiang-mai/797,Northern Chiang Mai GTFS,thaitransit.org/CM/North/north_route.zip,gtfs,,Thailand,Mueang Chiang Mai District,Chiang Mai,,,Add Datasets
tfs-772,City 2 City Shuttle GTFS,city-2-city-shuttle/772,City 2 City Shuttle GTFS,oregon-gtfs.com/gtfs_data/citytocityshuttle-or-us/citytocityshuttle-or-us.zip,gtfs,mdb-129,United States,OR,Eugene,http://oregon-gtfs.com/gtfs_data/citytocityshuttle-or-us/citytocityshuttle-or-us.zip,,Create New Feed and Add Datasets
tfs-790,Szybka Kolej Miejska w Warszawie,szybka-kolej-miejska-w-warszawie/790,Szybka Kolej Miejska w Warszawie,przyjazdy.pl/latest/skmt.zip,gtfs,mdb-1290,Poland,,,,,Create New Feed and Add Datasets
mdb-1293,RIDE Sitka GTFS,ride-sitka/713,RIDE Sitka GTFS,jfact0ry.com/theRIDE/transit_feed.zip,gtfs,,United States,AK,Sitka,,,Add Datasets
tfs-542,Mobilità GTFS,roma-servizi-per-la-mobilita/542,Mobilità GTFS,dati.muovi.roma.it/gtfs/rome_static_gtfs.zip,gtfs,mdb-1294,Italy,,,https://romamobilita.it/it/tecnologie/open-data/dataset,,Create New Feed and Add Datasets
tfs-850,Metz GTFS,metz-metropole/850,Metz GTFS,si.metzmetropole.fr/fiches/opendata/gtfs_current.zip,gtfs,mdb-1298,France,,,https://www.data.gouv.fr/fr/datasets/r/9bff120f-d1ba-4753-83cb-6d598ebe2e60,,Create New Feed and Add Datasets
tfs-461,Diamond Express GTFS,diamond-express/461,Diamond Express GTFS,oregon-gtfs.com/gtfs_data/diamondexpress-or-us/diamondexpress-or-us.zip,gtfs,mdb-130,United States,OR,Oakridge,,,Create New Feed and Add Datasets
mdb-1301,Omaezaki Local Voluntary Operation Bus GTFS,opentransit/353,Omaezaki Local Voluntary Operation Bus GTFS,opentrans.it/feed/gtfs/5634472569470976/google_transit.zip,gtfs,,Japan,Shizuoka Prefecture,Omaezaki,http://opentrans.it/,,Add Datasets
mdb-1302,Susonohru GTFS,opentransit/354,Susonohru GTFS,opentrans.it/feed/gtfs/5649391675244544/google_transit.zip,gtfs,,Japan,Shizuoka Prefecture,Susono,http://opentrans.it/,,Add Datasets
mdb-1303,Kakegawa Local Voluntary Operation Bus GTFS,opentransit/352,Kakegawa Local Voluntary Operation Bus GTFS,opentrans.it/feed/gtfs/5707702298738688/google_transit.zip,gtfs,,Japan,Shizuoka Prefecture,Kakegawa,http://opentrans.it/,,Add Datasets
tfs-296,Kitsap Transit GTFS,kitsap-transit/296,Kitsap Transit GTFS,apps.kitsaptransit.com/google/latest/google_transit.zip,gtfs,mdb-1304,United States,WA,Bremerton,http://www.kitsaptransit.org/DeveloperUserAgreement.html,,Create New Feed and Add Datasets
mdb-1305,Changhua GTFS,taiwan/956,Changhua GTFS,tcbnb.maxwin.com.tw/bnb/api/gtfs/ch/latest,gtfs,,Taiwan,,,,,Add Datasets
mdb-1307,Yunlin GTFS,taiwan/957,Yunlin GTFS,tcbnb.maxwin.com.tw/bnb/api/gtfs/yl/latest,gtfs,,Taiwan,,,,,Add Datasets
mdb-1308,Capital Trailways GTFS,capital-trailways/819,Capital Trailways GTFS,webstore.capitaltrailways.com/gtfs/capital.zip,gtfs,,United States,,,,,Add Datasets
tfs-314,LTD GTFS,lane-transit-district/314,LTD GTFS,ltd.org/googletripplanning/20060917/google_transit.zip,gtfs,mdb-131,United States,OR,Eugene,,,Create New Feed and Add Datasets
mdb-1310,CMU GTFS,chiang-mai-university/788,CMU GTFS,thaitransit.org/CM/CMU/cmu_transit.zip,gtfs,,Thailand,Mueang Chiang Mai District,Chiang Mai,,,Add Datasets
tfs-41,Metro GTFS,christchurch-metro/41,Metro GTFS,rtt.metroinfo.org.nz/rtt/public/utility/gtfs.aspx,gtfs,mdb-1313,New Zealand,,,,,Create New Feed and Add Datasets
tfs-519,iDBUS GTFS,idbus/519,iDBUS GTFS,api.idbus.com/gtfs.zip,gtfs,mdb-1314,France,,,,,Create New Feed and Add Datasets
mdb-1315,Kwanwian Transport GTFS,kwanwiang-transport/785,Kwanwian Transport GTFS,thaitransit.org/CM/KwanWiang/kwanwiang_transit.zip,gtfs,,Thailand,Mueang Chiang Mai District,Chiang Mai,,,Add Datasets
tfs-902,Oregon Express Shuttle GTFS,oregon-express-shuttle/902,Oregon Express Shuttle GTFS,oregon-gtfs.com/gtfs_data/oregonexpressshuttle-or-us/oregonexpressshuttle-or-us.zip,gtfs,mdb-132,United States,OR,Albany,http://oregon-gtfs.com/gtfs_data/oregonexpressshuttle-or-us/oregonexpressshuttle-or-us.zip,,Create New Feed and Add Datasets
mdb-1325,WhiteBus GTFS,whitebus/786,WhiteBus GTFS,thaitransit.org/CM/WhiteBus/whitebus_transit.zip,gtfs,,Thailand,Mueang Chiang Mai District,Chiang Mai,,,Add Datasets
tfs-1104,MPK SA w Krakowie Bus GTFS,mpk-sa-w-krakowie/1104,MPK SA w Krakowie Bus GTFS,ftp://ztp.krakow.pl/pliki-gtfs/GTFS_KRK_A.zip,gtfs,mdb-1326,Poland,,,www.mpk.krakow.pl,,Create New Feed and Add Datasets
tfs-767,Quail Trail Public Transit GTFS,quail-trail-public-transit/767,Quail Trail Public Transit GTFS,oregon-gtfs.com/gtfs_data/klamathtribes-or-us/klamathtribes-or-us.zip,gtfs,mdb-1327,United States,OR,Klamath Falls,http://oregon-gtfs.com/gtfs_data/klamathtribes-or-us/klamathtribes-or-us.zip,,Create New Feed and Add Datasets
tfs-910,Pacific Crest Bus Lines GTFS,pacific-crest-bus-lines/910,Pacific Crest Bus Lines GTFS,oregon-gtfs.com/gtfs_data/pacificcrest-or-us/pacificcrest-or-us.zip,gtfs,mdb-133,United States,OR,Eugene,http://oregon-gtfs.com/gtfs_data/pacificcrest-or-us/pacificcrest-or-us.zip,,Create New Feed and Add Datasets
tfs-481,South Lane Wheels GTFS,south-lane-wheels/481,South Lane Wheels GTFS,oregon-gtfs.com/gtfs_data/southlanewheels-or-us/southlanewheels-or-us.zip,gtfs,mdb-134,United States,OR 97424,Cottage Grove,,,Create New Feed and Add Datasets
tfs-435,Albany Transit System GTFS,albany-transit-system/435,Albany Transit System GTFS,oregon-gtfs.com/gtfs_data/albanytransit-or-us/albanytransit-or-us.zip,gtfs,mdb-135,United States,OR,Albany,,,Create New Feed and Add Datasets
tfs-471,Linn Shuttle GTFS,linn-shuttle/471,Linn Shuttle GTFS,oregon-gtfs.com/gtfs_data/linnshuttle-or-us/linnshuttle-or-us.zip,gtfs,mdb-137,United States,OR,Linn County,,,Create New Feed and Add Datasets
tfs-771,Central Oregon Breeze GTFS,central-oregon-breeze/771,Central Oregon Breeze GTFS,oregon-gtfs.com/gtfs_data/cobreeze-or-us/cobreeze-or-us.zip,gtfs,mdb-139,United States,OR,Bend,http://oregon-gtfs.com/gtfs_data/cobreeze-or-us/cobreeze-or-us.zip,,Create New Feed and Add Datasets
tfs-676,Malheur Council on Aging & Community Services GTFS,malheur-council-on-aging-community-services/676,Malheur Council on Aging & Community Services GTFS,oregon-gtfs.com/gtfs_data/mcacs-or-us/mcacs-or-us.zip,gtfs,mdb-141,United States,OR,Malheur County,,,Create New Feed and Add Datasets
tfs-889,VRT GTFS,valleyride/889,VRT GTFS,valleyregionaltransit.org/GTFS/VRT_Transit1.zip,gtfs,mdb-142,United States,ID,Boise,,,Create New Feed and Add Datasets
tfs-619,Rocky Mountain National Park Shuttles GTFS,national-park-service/619,Rocky Mountain National Park Shuttles GTFS,nationalparkservice.github.io/nps-gtfs/romo/shuttles/gtfs.zip,gtfs,mdb-176,United States,,,https://github.com/nationalparkservice/nps-gtfs,,Create New Feed and Add Datasets
tfs-535,Digital Matatus GTFS,university-of-nairobi/535,Digital Matatus GTFS,digitalmatatus.com/pdf/GTFS_DATA_1.zip,gtfs,mdb-1815,Kenya,,,http://www.digitalmatatus.com/map.html,,Create New Feed and Add Datasets
tfs-70,Mexico City GTFS,mexico-city-federal-district-government/70,Mexico City GTFS,datos.cdmx.gob.mx/api/datasets/1.0/gtfs-general-transit-feed-specifications-actualizado-de-la-ciudad-de-mexico/alternative_exports/gtfs_zip/,gtfs,mdb-1830,Mexico,Federal District,Mexico City,,,Create New Feed and Add Datasets
tfs-884,DC Circulator GTFS,wmata/884,DC Circulator GTFS,circulatordashboard.dc.gov/circulatordata/gtfs/dc-circulator.zip,gtfs,mdb-1846,United States,DC,Washington,http://dccirculator.com/developer-resources/,,Create New Feed and Add Datasets
tfs-75,WMATA GTFS,wmata/75,WMATA GTFS,api.wmata.com/gtfs/bus-gtfs-static.zip,gtfs,mdb-1846,United States,DC,Washington,https://developer.wmata.com/,,Create New Feed and Add Datasets
tfs-298,Athens Public Transit GTFS,athens-public-transit/298,Athens Public Transit GTFS,athenstransit.org/code/wp-content/athenstransit-athens-oh-us/google_transit.zip,gtfs,mdb-1973,United States,OH 45701,Athens,,,Create New Feed and Add Datasets
tfs-687,Chilliwack GTFS,bc-transit/687,Chilliwack GTFS,bctransit.com/servlet/bctransit/data/GTFS%20-%20Chilliwack,gtfs,mdb-1991,Canada,,,http://bctransit.com/victoria/footer/open-data,,Create New Feed and Add Datasets
tfs-697,FVX GTFS,bc-transit/697,FVX GTFS,bctransit.com/servlet/bctransit/data/GTFS%20-%20FVX,gtfs,mdb-1991,Canada,,,http://bctransit.com/victoria/footer/open-data,,Create New Feed and Add Datasets
tfs-686,Central Fraser Valley GTFS,bc-transit/686,Central Fraser Valley GTFS,bctransit.com/servlet/bctransit/data/GTFS%20-%20Central%20Fraser%20Valley,gtfs,mdb-1991,Canada,,,http://bctransit.com/victoria/footer/open-data,,Create New Feed and Add Datasets
tfs-831,LTC GTFS,london-transit-commission/831,LTC GTFS,ltconline.ca/gtfsfeed/google_transit.zip,gtfs,mdb-2,Canada,ON,London,https://www.london.ca/city-hall/open-data/Pages/OpenData-TermsofUse.aspx,,Create New Feed and Add Datasets
tfs-1000,Carris GTFS,carris/1000,Carris GTFS,transporlis.pt/Portals/0/OpenData/gtfs/zip/1/gtfs_1.zip,gtfs,mdb-2027,Portugal,,,http://dados.cm-lisboa.pt/dataset/informacao-sobre-transportes-publicos-da-cidade-de-lisboa-carris,,Create New Feed and Add Datasets
tfs-998,Rodoviária de Lisboa GTFS,rodoviaria-de-lisboa/998,Rodoviária de Lisboa GTFS,transporlis.pt/Portals/0/OpenData/gtfs/zip/61/gtfs_61.zip,gtfs,mdb-2027,Portugal,,,http://dados.cm-lisboa.pt/dataset/informacao-sobre-transportes-publicos-da-cidade-de-lisboa-rodoviaria-de-lisboa,,Create New Feed and Add Datasets
tfs-177,MVTA GTFS,minnesota-valley-transit-authority/177,MVTA GTFS,wiki.mvta.com/files/Home/google_transit.zip,gtfs,mdb-206,United States,MN,Minneapolis,http://wiki.mvta.com/,,Create New Feed and Add Datasets
tfs-753,ECO Transit,eco-transit/753,ECO Transit,data.trilliumtransit.com/gtfs/ecotransit-co-us/ecotransit-co-us.zip,gtfs,mdb-2061,United States,CO,Eagle County,http://data.trilliumtransit.com/gtfs/ecotransit-co-us/ecotransit-co-us.zip,,Create New Feed and Add Datasets
tfs-276,Lextran GTFS,lextran/276,Lextran GTFS,lextran.com/wp-content/uploads/2019/12/GTFSFeed.zip,gtfs,mdb-2067,United States,KY,Lexington,http://www.lextran.com/gtfs,,Create New Feed and Add Datasets
tfs-360,CARTA GTFS,chattanooga-area-regional-transportation-authority/360,CARTA GTFS,gocarta.org/developers/GTFS.zip,gtfs,mdb-2082,United States,TN,Chattanooga,http://www.gocarta.org/#developers,,Create New Feed and Add Datasets
tfs-721,Metro Warszawskie GTFS,metro-warszawskie/721,Metro Warszawskie GTFS,otp-pl.tk/feed/metro/metro-latest.zip,gtfs,mdb-2092,Poland,,,http://otp-pl.tk,,Create New Feed and Add Datasets
tfs-458,CCAT GTFS,coos-county-area-transit/458,CCAT GTFS,oregon-gtfs.com/gtfs_data/cooscounty-or-us/cooscounty-or-us.zip,gtfs,mdb-21,United States,OR,Coos County,,,Create New Feed and Add Datasets
tfs-591,T3 Transit GTFS,t3-transit/591,T3 Transit GTFS,t3.thebus.ca/gtfs/gtfs.zip,gtfs,mdb-2132,Canada,PE,Charlottetown,,,Create New Feed and Add Datasets
tfs-136,CIT Roussillon GTFS,agence-metropolitaine-de-transport/136,CIT Roussillon GTFS,amt.qc.ca/xdata/citrous/google_transit.zip,gtfs,mdb-2142,Canada,QC,Montreal,http://amt.qc.ca/developers/,,Create New Feed and Add Datasets
tfs-135,CIT Le Richelain GTFS,agence-metropolitaine-de-transport/135,CIT Le Richelain GTFS,amt.qc.ca/xdata/citlr/google_transit.zip,gtfs,mdb-2142,Canada,QC,Montreal,http://amt.qc.ca/developers/,,Create New Feed and Add Datasets
tfs-460,CPT GTFS,curry-public-transit/460,CPT GTFS,gtfs-data-exchange.com/agency/curry-public-transit/latest.zip,gtfs,mdb-22,United States,OR,Brookings,,,Create New Feed and Add Datasets
tfs-550,Citrus County Transit GTFS,citrus-county-transit/550,Citrus County Transit GTFS,data.trilliumtransit.com/gtfs/citruscounty-fl-us/citruscounty-fl-us.zip,gtfs,mdb-2257,United States,FL,Citrus County,http://ftis.org/Posts.aspx,,Create New Feed and Add Datasets
tfs-396,MCAT GTFS,manatee-county-area-transit-manatee-county/396,MCAT GTFS,realtimemcat.availtec.com/InfoPoint/resources/gtfs/gtfs.zip,gtfs,mdb-2258,United States,FL,Manatee County,,,Create New Feed and Add Datasets
tfs-375,MCAT GTFS,manatee-county-area-transit/375,MCAT GTFS,data.trilliumtransit.com/gtfs/manatee-fl-us/manatee-fl-us.zip,gtfs,mdb-2258,United States,FL,Bradenton,,,Create New Feed and Add Datasets
tfs-683,BJCTA MAX GTFS,birmingham-jefferson-county-transit-authority/683,BJCTA MAX GTFS,maxtransit.org/rider-tools/gtfs-information/,gtfs,mdb-2263,United States,AL,Birmingham,https://maxtransit.org/rider-tools/gtfs-information/,,Create New Feed and Add Datasets
tfs-378,Citilink GTFS,fort-wayne-citilink/378,Citilink GTFS,jump.nextinsight.com/gtfs/ni_citilink/google_transit.zip,gtfs,mdb-2266,United States,IN,Fort Wayne,,,Create New Feed and Add Datasets
tfs-668,Connect Transit GTFS,connect-transit/668,Connect Transit GTFS,connect-transit.com/civicax/filebank/blobdload.aspx?BlobID=23519,gtfs,mdb-2267,United States,IL,Bloomington,,,Create New Feed and Add Datasets
tfs-781,StarTran GTFS,startran/781,StarTran GTFS,lincoln.ne.gov/city/pworks/startran/feed/gtfs.zip,gtfs,mdb-2269,United States,NE,Lincoln,,,Create New Feed and Add Datasets
tfs-417,MAX GTFS,modesto-area-express/417,MAX GTFS,data.trilliumtransit.com/gtfs/modesto-ca-us/modesto-ca-us.zip,gtfs,mdb-2273,United States,CA,Modesto,,,Create New Feed and Add Datasets
tfs-459,Corvallis Transit System GTFS,corvallis-transit-system/459,Corvallis Transit System GTFS,ftp://ftp.ci.corvallis.or.us/pw/Transportation/GoogleTransitFeed/gtfeedfile.zip,gtfs,mdb-2283,United States,OR,Corvallis,http://oregon-gtfs.com/,,Create New Feed and Add Datasets
tfs-470,LCT GTFS,lincoln-county-transit/470,LCT GTFS,oregon-gtfs.com/gtfs_data/lincolncounty-or-us/lincolncounty-or-us.zip,gtfs,mdb-23,United States,OR,Lincoln County,,,Create New Feed and Add Datasets
tfs-632,The JO GTFS,the-jo/632,The JO GTFS,jocogov.org/sites/default/files/documents/TRN/google_transit.zip,gtfs,mdb-2303,United States,KS,Johnson County,http://www.jocogov.org/dept/transit/jo/open-transit-data,,Create New Feed and Add Datasets
tfs-634,MACS Transit GTFS,macs-transit/634,MACS Transit GTFS,co.fairbanks.ak.us/transportation/MACSDocuments/GTFS.zi,gtfs,mdb-232,United States,AK,Fairbanks,http://www.co.fairbanks.ak.us/transportation/Pages/MACS.aspx,,Create New Feed and Add Datasets
tfs-171,Pace Bus GTFS,pace/171,Pace Bus GTFS,pacebus.com/gtfs/gtfs.zip,gtfs,mdb-2347,United States,IL,Chicago,http://www.pacebus.com/sub/about/data_services.asp,,Create New Feed and Add Datasets
tfs-584,SunTran GTFS,suntran-tucson/584,SunTran GTFS,suntran.com/developers_feed.php,gtfs,mdb-2354,United States,AZ,Tucson,http://www.suntran.com/developers_feed.php,,Create New Feed and Add Datasets
tfs-374,MMT GTFS,mountain-metropolitan-transit/374,MMT GTFS,coloradosprings.gov/sites/default/files/google-transit.zip,gtfs,mdb-2356,United States,CO,Colorado Springs,,,Create New Feed and Add Datasets
tfs-540,AMAT GTFS,amat-palermo-spa/540,AMAT GTFS,comune.palermo.it/gtfs/amat_feed_gtfs_v7.zip,gtfs,mdb-2373,Italy,,,http://www.comune.palermo.it/opendata_dld.php?id=349,,Create New Feed and Add Datasets
tfs-1009,ZTM Rzeszów GTFS,ztm-rzeszow/1009,ZTM Rzeszów GTFS,mkuran.pl/feed/rzeszow/rzeszow-latest.zip,gtfs,mdb-2387,Poland,,,https://mkuran.pl/feed/,,Create New Feed and Add Datasets
tfs-476,Rhody Express GTFS,rhody-express/476,Rhody Express GTFS,oregon-gtfs.com/gtfs_data/rhodyexpress-or-us/rhodyexpress-or-us.zip,gtfs,mdb-24,United States,OR 97439,Florence,,,Create New Feed and Add Datasets
tfs-342,Gainesville RTS GTFS,regional-transit-system/342,Gainesville RTS GTFS,go-rts.com/gtfs/google_transit.zip,gtfs,mdb-2412,United States,FL,Gainesville,http://go-rts.com/about-rts/#General_Transit_Feed_Specification,,Create New Feed and Add Datasets
tfs-222,CCCTA GTFS,county-connection/222,CCCTA GTFS,cccta.org/GTFS/google_transit.zip,gtfs,mdb-2421,United States,CA,Concord,,,Create New Feed and Add Datasets
tfs-284,ATOC GTFS,association-of-train-operating-companies/284,ATOC GTFS,s3.eu-west-2.amazonaws.com/feeds.planar.network/gb-rail-latest.zip,gtfs,mdb-2431,United Kingdom,,,https://feeds.planar.network/,,Create New Feed and Add Datasets
tfs-237,Greater Sydney GTFS,transport-for-nsw/237,Greater Sydney GTFS,opendata.transport.nsw.gov.au/api/download/9ca31d18-5efa-43ec-870d-258ee3388614,gtfs,mdb-2449,Australia,,,https://opendata.transport.nsw.gov.au/dataset/timetables-complete-gtfs,,Create New Feed and Add Datasets
tfs-972,Santiago DPTM GTFS,dtpm-santiago-santiago/972,Santiago DPTM GTFS,dtpm.cl/descargas/gtfs/GTFS.zip,gtfs,mdb-2450,Chile,Santiago Metropolitan Region,Santiago,https://www.dtpm.cl/index.php/noticias/gtfs-vigente,,Create New Feed and Add Datasets
tfs-485,The Wave GTFS,the-wave/485,The Wave GTFS,oregon-gtfs.com/gtfs_data/tillamook-or-us/tillamook-or-us.zip,gtfs,mdb-246,United States,OR 97141,Tillamook,,,Create New Feed and Add Datasets
tfs-691,Nanaimo GTFS,bc-transit/691,Nanaimo GTFS,bctransit.com/servlet/bctransit/data/GTFS%20-%20Nanaimo,gtfs,mdb-2473,Canada,,,http://bctransit.com/victoria/footer/open-data,,Create New Feed and Add Datasets
tfs-490,YCTA GTFS,yamhill-county-transit-area/490,YCTA GTFS,oregon-gtfs.com/gtfs_data/yamhill-or-us/yamhill-or-us.zip,gtfs,mdb-250,United States,OR,Yamhill County,,,Create New Feed and Add Datasets
tfs-489,WTS GTFS,woodburn-transit-service/489,WTS GTFS,oregon-gtfs.com/gtfs_data/woodburn-or-us/woodburn-or-us.zip,gtfs,mdb-251,United States,OR,Woodburn,,,Create New Feed and Add Datasets
tfs-692,Prince George GTFS,bc-transit/692,Prince George GTFS,bctransit.com/servlet/bctransit/data/GTFS%20-%20Prince%20George,gtfs,mdb-2510,Canada,,,http://bctransit.com/victoria/footer/open-data,,Create New Feed and Add Datasets
tfs-608,CAT GTFS,canby-area-transit/608,CAT GTFS,oregon-gtfs.com/gtfs_data/canbytransit-or-us/canbytransit-or-us.zip,gtfs,mdb-252,United States,OR 97013,Canby,,,Create New Feed and Add Datasets
tfs-688,Comox Valley GTFS,bc-transit/688,Comox Valley GTFS,bctransit.com/servlet/bctransit/data/GTFS%20-%20Comox%20Valley,gtfs,mdb-2524,Canada,,,http://bctransit.com/victoria/footer/open-data,,Create New Feed and Add Datasets
tfs-477,Ride Connection GTFS,ride-connection/477,Ride Connection GTFS,oregon-gtfs.com/gtfs_data/rideconnection-or-us/rideconnection-or-us.zip,gtfs,mdb-253,United States,OR,Portland,,,Create New Feed and Add Datasets
tfs-758,Washington Park Shuttle GTFS,washington-park-shuttle/758,Washington Park Shuttle GTFS,oregon-gtfs.com/gtfs_data/washingtonparkshuttle-or-us/washingtonparkshuttle-or-us.zip,gtfs,mdb-254,United States,OR,Portland,http://oregon-gtfs.com/gtfs_data/washingtonparkshuttle-or-us/washingtonparkshuttle-or-us.zip,,Create New Feed and Add Datasets
tfs-484,Swan Island Evening Shuttle GTFS,swan-island-evening-shuttle/484,Swan Island Evening Shuttle GTFS,oregon-gtfs.com/gtfs_data/swanisland-or-us/swanisland-or-us.zip,gtfs,mdb-255,United States,OR,Portland,,,Create New Feed and Add Datasets
tfs-689,Kamloops GTFS,bc-transit/689,Kamloops GTFS,bctransit.com/servlet/bctransit/data/GTFS%20-%20Kamloops,gtfs,mdb-2551,Canada,,,http://bctransit.com/victoria/footer/open-data,,Create New Feed and Add Datasets
tfs-690,Kelowna GTFS,bc-transit/690,Kelowna GTFS,bctransit.com/data/gtfs/internet/KelownaGTFS_20180529.zip,gtfs,mdb-2555,Canada,,,https://www.bctransit.com/open-data,,Create New Feed and Add Datasets
tfs-693,Squamish GTFS,bc-transit/693,Squamish GTFS,bctransit.com/servlet/bctransit/data/GTFS%20-%20Squamish,gtfs,mdb-2563,Canada,,,http://bctransit.com/victoria/footer/open-data,,Create New Feed and Add Datasets
tfs-694,Sunshine Coast GTFS,bc-transit/694,Sunshine Coast GTFS,bctransit.com/servlet/bctransit/data/GTFS%20-%20Sunshine%20Coast,gtfs,mdb-2567,Canada,,,http://bctransit.com/victoria/footer/open-data,,Create New Feed and Add Datasets
tfs-669,CCC Xpress GTFS,ccc-xpress/669,CCC Xpress GTFS,oregon-gtfs.com/gtfs_data/cccxpress-or-us/cccxpress-or-us.zip,gtfs,mdb-257,United States,OR,Clackamas County,,,Create New Feed and Add Datasets
tfs-695,Victoria GTFS,bc-transit/695,Victoria GTFS,bctransit.com/servlet/bctransit/data/GTFS%20-%20Victoria,gtfs,mdb-2571,Canada,,,http://bctransit.com/victoria/footer/open-data,,Create New Feed and Add Datasets
tfs-28,BC Transit GTFS,bc-transit/28,BC Transit GTFS,bctransit.com/servlet/bctransit/data/GTFS.zip,gtfs,mdb-2575,Canada,,,http://bctransit.com/*/footer/open-data,,Create New Feed and Add Datasets
tfs-696,Whistler GTFS,bc-transit/696,Whistler GTFS,bctransit.com/servlet/bctransit/data/GTFS%20-%20Whistler,gtfs,mdb-2583,Canada,,,http://bctransit.com/victoria/footer/open-data,,Create New Feed and Add Datasets
tfs-443,CAT GTFS,columbia-area-transit/443,CAT GTFS,oregon-gtfs.com/gtfs_data/hoodriver-or-us/hoodriver-or-us.zip,gtfs,mdb-260,United States,OR,Hood River County,,,Create New Feed and Add Datasets
tfs-473,Mt Hood Express GTFS,mt-hood-express/473,Mt Hood Express GTFS,oregon-gtfs.com/gtfs_data/sandy-or-us/sandy-or-us.zip,gtfs,mdb-261,United States,OR,Sandy,,,Create New Feed and Add Datasets
tfs-1011,AMT Genova GTFS,amt-genova/1011,AMT Genova GTFS,amt.genova.it/amt/GTFS/GTFS_AMT_GENOVA.zip,gtfs,mdb-2610,Italy,Metropolitan City of Genoa,Genoa,https://www.amt.genova.it/amt/amministrazione-trasparente/open-data/,,Create New Feed and Add Datasets
tfs-678,Skamania County Public Transit GTFS,skamania-county-public-transit/678,Skamania County Public Transit GTFS,data.trilliumtransit.com/gtfs/gorgewet-wa-us/gorgewet-wa-us.zip,gtfs,mdb-262,United States,WA,Skamania County,,,Create New Feed and Add Datasets
tfs-448,Pierce Transit GTFS,pierce-transit/448,Pierce Transit GTFS,developer.onebusaway.org/tmp/sound/gtfs/modified/3_gtfs.zip,gtfs,mdb-265,United States,WA,Pierce County,http://www.soundtransit.org/Developer-resources/Data-downloads,,Create New Feed and Add Datasets
tfs-356,Intercity Transit GTFS,intercity-transit/356,Intercity Transit GTFS,intercitytransit.com/googledata/google_transit.zip,gtfs,mdb-266,United States,WA,Olympia,,,Create New Feed and Add Datasets
tfs-265,TARC GTFS,transit-authority-of-river-city/265,TARC GTFS,googletransit.ridetarc.org/feed/,gtfs,mdb-2662,United States,KY,Louisville,http://googletransit.ridetarc.org/feed/,,Create New Feed and Add Datasets
tfs-341,AMAT GTFS,agenzia-mobilita-ambiente-territorio/341,AMAT GTFS,amat-mi.it/downloads/gtfs/gtfs.zip,gtfs,mdb-2666,Italy,,,http://www.amat-mi.it/it/mobilita/dati-strumenti-tecnologie/dati-gtfs/,,Create New Feed and Add Datasets
tfs-109,Massachusetts Ferry Service GTFS,massdot/109,Massachusetts Ferry Service GTFS,massdot.state.ma.us/Portals/0/docs/developers/ferries_google_transit.zip,gtfs,mdb-2679 | mdb-423 | mdb-419 | mdb-554 | mdb-549,United States,,,https://www.mass.gov/lists/mbta-and-transit-data-for-developers#massachusetts-ferry-service-,,Create New Feed and Add Datasets
tfs-44,Sound Transit GTFS,sound-transit/44,Sound Transit GTFS,developer.onebusaway.org/tmp/sound/gtfs/modified/40_gtfs.zip,gtfs,mdb-268,United States,WA,Seattle,http://www.soundtransit.org/Developer-resources/Data-downloads,,Create New Feed and Add Datasets
tfs-657,Artxanda Funicular GTFS,artxanda-funicular/657,Artxanda Funicular GTFS,ftp://ftp.geo.euskadi.net/cartografia/Transporte/Moveuskadi/FunicularArtxanda/google_transit.zip,gtfs,mdb-2680,Spain,Biscay,Bilbao,,,Create New Feed and Add Datasets
tfs-654,Bilbobus GTFS,bilbobus/654,Bilbobus GTFS,ftp://ftp.geo.euskadi.net/cartografia/Transporte/Moveuskadi/Bilbobus/google_transit.zip,gtfs,mdb-2681,Spain,Biscay,Bilbao,,,Create New Feed and Add Datasets
tfs-702,dBus GTFS,compania-del-tranvia-de-san-sebastian/702,dBus GTFS,ftp://ftp.geo.euskadi.net/cartografia/Transporte/Moveuskadi/ATTG/dbus/google_transit.zip,gtfs,mdb-2682,Spain,Gipuzkoa,San Sebastián,,,Create New Feed and Add Datasets
tfs-656,Metro Bilbao,metro-bilbao/656,Metro Bilbao,ftp://ftp.geo.euskadi.net/cartografia/Transporte/Moveuskadi/MetroBilbao/google_transit.zip,gtfs,mdb-2683,Spain,Biscay,Bilbao,,,Create New Feed and Add Datasets
tfs-664,SFM (Railway) GTFS,gruppo-torinese-trasporti/664,SFM (Railway) GTFS,opendata.5t.torino.it/gtfs/sfm_torino_it.zip,gtfs,mdb-2687,Italy,,,,,Create New Feed and Add Datasets
tfs-655,Euskotren GTFS,euskotren/655,Euskotren GTFS,ftp://ftp.geo.euskadi.net/cartografia/Transporte/Moveuskadi/Euskotren/google_transit.zip,gtfs,mdb-2715,Spain,Biscay,Bilbao,,,Create New Feed and Add Datasets
tfs-659,La Union GTFS,la-union/659,La Union GTFS,ftp://ftp.geo.euskadi.net/cartografia/Transporte/Moveuskadi/La_Union/google_transit.zip,gtfs,mdb-2718,Spain,Biscay,Bilbao,,,Create New Feed and Add Datasets
tfs-499,TCC GTFS,transporte-urbano-comarcal-de-pamplona/499,TCC GTFS,86.109.125.18:88/gt/google_transit.zip,gtfs,mdb-2719,Spain,Navarre,Pamplona,,,Create New Feed and Add Datasets
tfs-392,Link Transit GTFS,link-transit/392,Link Transit GTFS,data.trilliumtransit.com/gtfs/linktransit-wa-us/linktransit-wa-us.zip,gtfs,mdb-275,United States,WA,Wenatchee,,,Create New Feed and Add Datasets
tfs-153,Yakima Transit,yakima-transit/153,Yakima Transit,mjcaction.com/MJC_GTFS_Public/yakima_google_transit.zip,gtfs,mdb-276,United States,WA,Yakima,,,Create New Feed and Add Datasets
tfs-1029,Selah Transit GTFS,selah-transit/1029,Selah Transit GTFS,data.trilliumtransit.com/gtfs/selah-wa-us/selah-wa-us.zip,gtfs,mdb-278,United States,WA,Selah,http://data.trilliumtransit.com/gtfs/selah-wa-us/selah-wa-us.zip,,Create New Feed and Add Datasets
tfs-613,TTE Urbano GTFS,trentino-trasporti-esercizio/613,TTE Urbano GTFS,ttesercizio.it/opendata/google_transit_urbano_tte.zip,gtfs,mdb-2841,Italy,,,http://www.ttesercizio.it/TTEOpenData/,,Create New Feed and Add Datasets
tfs-873,Carabus GTFS,carabus/873,Carabus GTFS,data.agglo-royan.fr/dataset/9b761974-a195-4e33-91b7-ecee3b368016/resource/144c2734-9d66-4177-904d-a67768f5ee1d/download/carabus-royan-fr20170326.zip,gtfs,mdb-2842,France,,,https://data.agglo-royan.fr/dataset/donnees-gtfs-du-reseau-de-transport-public-cara-bus,,Create New Feed and Add Datasets
tfs-455,Everett Transit GTFS,everett-transit/455,Everett Transit GTFS,developer.onebusaway.org/tmp/sound/gtfs/modified/97_gtfs.zip,gtfs,mdb-288,United States,WA,Everett,http://www.soundtransit.org/Developer-resources/Data-downloads,,Create New Feed and Add Datasets
tfs-488,WCC GTFS,wallowa-community-connection/488,WCC GTFS,oregon-gtfs.com/gtfs_data/northeast-or-us/northeast-or-us.zip,gtfs,mdb-289,United States,OR,Wallowa County,,,Create New Feed and Add Datasets
tfs-61,CCRTA GTFS,corpus-christi-rta/61,CCRTA GTFS,ccrta.org/wp-content/uploads/2019/01/CCRTA-GTFS-Jan142019.zip,gtfs,mdb-315,United States,TX,Corpus Christi,http://www.ccrta.org/contacts/gtfs-feed/,,Create New Feed and Add Datasets
tfs-225,PSTA GTFS,psta/225,PSTA GTFS,psta.net/Latest/google_transit.zip,gtfs,mdb-326,United States,FL,Pinellas,http://www.psta.net/developers/index.php,,Create New Feed and Add Datasets
tfs-388,Torrance Transit GTFS,city-of-torrance/388,Torrance Transit GTFS,transit.torranceca.gov/Home/ShowDocument?id=16673,gtfs,mdb-34,United States,CA,Torrance,https://transit.torranceca.gov/rider-information/developer-resources/gtfs,,Create New Feed and Add Datasets
tfs-373,LYNX GTFS,central-florida-regional-transportation-authority/373,LYNX GTFS,golynx.com/lynxmap/GoLYNX_data/google_transit.zip,gtfs,mdb-347,United States,FL,Orlando,http://www.golynx.com/maps-schedules/data-download.stml,,Create New Feed and Add Datasets
tfs-376,SCAT GTFS,sarasota-county-area-transit/376,SCAT GTFS,ftp://ftp.scgov.net/pub/scat/SCATGTFS.zip,gtfs,mdb-348,United States,FL,Sarasota,,,Create New Feed and Add Datasets
tfs-802,Votran GTFS,votran/802,Votran GTFS,votran.org/core/fileparse.php/6120/urlt/Votran_General_Transit_Feed.zip,gtfs,mdb-349,United States,FL,Daytona Beach,http://www.votran.org/about-us/data.stml,,Create New Feed and Add Datasets
tfs-372,CCT GTFS,cobb-community-transit/372,CCT GTFS,arcgis.com/home/item.html?id=1ce8e370a12c41b5854d8baa21f8451c,gtfs,mdb-354,United States,GA,Cobb County,http://atlantaregional.com/transportation/transit/existing-regional-transit-system,,Create New Feed and Add Datasets
tfs-220,Nashville MTA GTFS,nashville-mta/220,Nashville MTA GTFS,nashvillemta.org/GoogleExport/google_transit.zip,gtfs,mdb-360,United States,TN,Nashville,,,Create New Feed and Add Datasets
tfs-1057,Culver City Bus GTFS,culver-city-bus/1057,Culver City Bus GTFS,culvercity.org/city-hall/city-maps-gis-program/download-gis-data/culver-citybus-gtfs,gtfs,mdb-38,United States,CA,Culver City,https://www.culvercity.org/city-hall/city-maps-gis-program/download-gis-data,,Create New Feed and Add Datasets
tfs-589,HDPT GTFS,harrisonburg-transit/589,HDPT GTFS,harrisonburgva.gov/sites/default/files/Transit/files/gtfs/google_transit_Working.zip,gtfs,mdb-382,United States,VA,Harrisonburg,,,Create New Feed and Add Datasets
tfs-1131,CityBus GTFS,greater-lafayette-public-transportation-corporation-citybus/1131,CityBus GTFS,gocitybus.com/wp-content/themes/citybus/assets/zip/citybus_lafayette_in_us.zip,gtfs,mdb-391,United States,IN,Lafayette,https://www.gocitybus.com/gtfs-gis-data-download,,Create New Feed and Add Datasets
tfs-216,COTA GTFS,central-ohio-transit-authority/216,COTA GTFS,cota.com/COTA/media/COTAContent/OpenGTFSData.zip,gtfs,mdb-404,United States,OH,Columbus,http://www.cota.com/Auxiliary/Data.aspx,,Create New Feed and Add Datasets
tfs-274,Port Authority GTFS,port-authority-of-allegheny-county/274,Port Authority GTFS,portauthority.org/developerresources/,gtfs,mdb-409,United States,PA,Pittsburgh,https://www.portauthority.org/business-center/developer-resources/,,Create New Feed and Add Datasets
tfs-147,TheRide GTFS,ann-arbor-transportation-authority/147,TheRide GTFS,theride.org/google/google_transit.zip,gtfs,mdb-415,United States,MI,Ann Arbor,http://www.theride.org/aboutus/for-developers/developer-files,,Create New Feed and Add Datasets
tfs-97,Franklin RTA GTFS,massdot/97,Franklin RTA GTFS,mass.gov/doc/franklin-rta-gtfs-files-zip-file-12292014/download,gtfs,mdb-429,United States,MA,Franklin,https://www.mass.gov/lists/mbta-and-transit-data-for-developers,,Create New Feed and Add Datasets
tfs-710,San Luis Obispo RTA GTFS,san-luis-obispo-rta/710,San Luis Obispo RTA GTFS,mjcaction.com/MJC_GTFS_Public/slorta_google_transit.zip,gtfs,mdb-43,United States,CA,San Luis Obispo,http://www.mjcaction.com/clients_gtfs.html,,Create New Feed and Add Datasets
tfs-111,Coach Bus Lines GTFS,massdot/111,Coach Bus Lines GTFS,mass.gov/doc/coach-bus-lines-zip-file-6242015/download,gtfs,mdb-436,United States,,,http://www.massdot.state.ma.us/DevelopersData.aspx,,Create New Feed and Add Datasets
tfs-709,City of San Luis Obispo GTFS,city-of-san-luis-obispo/709,City of San Luis Obispo GTFS,mjcaction.com/MJC_GTFS_Public/sanluisobispo_google_transit.zip,gtfs,mdb-44,United States,CA,San Luis Obispo,http://www.mjcaction.com/clients_gtfs.html,,Create New Feed and Add Datasets
tfs-755,Lakes Region Explorer GTFS,lakes-region-explorer/755,Lakes Region Explorer GTFS,data.trilliumtransit.com/gtfs/rtp-me-us/rtp-me-us.zip,gtfs,mdb-452,United States,ME,Cumberland County,http://data.trilliumtransit.com/gtfs/rtp-me-us/rtp-me-us.zip,,Create New Feed and Add Datasets
tfs-247,MTA Maryland GTFS,mta-maryland/247,MTA Maryland GTFS,mta.maryland.gov/_googletransit/latest/google_transit.zip,gtfs,mdb-467,United States,,,https://mta.maryland.gov/content/developer-resources,,Create New Feed and Add Datasets
tfs-358,HRT GTFS,hampton-roads-transit/358,HRT GTFS,googletf.gohrt.com/google_transit.zip,gtfs,mdb-473,United States,VA,Hampton,http://www.gohrt.com/third-party-apps/,,Create New Feed and Add Datasets
tfs-295,Fairfax Connector GTFS,fairfax-connector/295,Fairfax Connector GTFS,fairfaxcounty.gov/connector/sites/connector/files/assets/connector_gtfs.zip,gtfs,mdb-483,United States,VA,Fairfax,https://www.fairfaxcounty.gov/connector/bustracker/data,,Create New Feed and Add Datasets
tfs-149,ART GTFS,arlington-transit/149,ART GTFS,realtime.commuterpage.com/rtt/public/utility/gtfs.aspx,gtfs,mdb-485,United States,VA,Arlington,http://www.arlingtontransit.com/pages/rider-tools/tools-for-developers/,,Create New Feed and Add Datasets
tfs-297,CMRT GTFS,central-maryland-regional-transit/297,CMRT GTFS,mdtrip.org/googletransit/RTA/google_transit.zip,gtfs,mdb-489,United States,MD,Laurel,http://www.cmrtransit.org/about/developer-resources/,,Create New Feed and Add Datasets
tfs-262,SEPTA Rail GTFS,septa/262,SEPTA Rail GTFS,github.com/septadev/GTFS/releases,gtfs,mdb-503,United States,PA,Philadelphia,https://github.com/septadev/GTFS/releases,,Create New Feed and Add Datasets
tfs-433,JFK Airtrain GTFS,jfk-airtrain/433,JFK Airtrain GTFS,s3.amazonaws.com/datatools-511ny/public/JFK_Airtrain.zip,gtfs,mdb-522,United States,NY,Queens,https://511ny.org/developers/resources,,Create New Feed and Add Datasets
tfs-321,CT Transit Stamford GTFS,connecticut-transit/321,CT Transit Stamford GTFS,cttransit.com/sites/default/files/gtfs/googlestam_transit.zip,gtfs,mdb-553,United States,CT,Stamford,https://www.cttransit.com/about/developers,,Create New Feed and Add Datasets
tfs-320,CT Transit Waterbury GTFS,connecticut-transit/320,CT Transit Waterbury GTFS,cttransit.com/sites/default/files/gtfs/googlewat_transit.zip,gtfs,mdb-553,United States,CT,Waterbury,https://www.cttransit.com/about/developers,,Create New Feed and Add Datasets
tfs-319,CT Transit New Britain GTFS,connecticut-transit/319,CT Transit New Britain GTFS,cttransit.com/sites/default/files/gtfs/googlenb_transit.zip,gtfs,mdb-553,United States,CT,New Britain,https://www.cttransit.com/about/developers,,Create New Feed and Add Datasets
tfs-322,CT Transit New Haven GTFS,connecticut-transit/322,CT Transit New Haven GTFS,cttransit.com/sites/default/files/gtfs/googlenh_transit.zip,gtfs,mdb-553,United States,CT,New Haven,https://www.cttransit.com/about/developers,,Create New Feed and Add Datasets
tfs-1256,Let'er Bus GTFS,leter-bus/1256,Let'er Bus GTFS,oregon-gtfs.com/gtfs_data/pendleton-or-us/pendleton-or-us.zip,gtfs,mdb-590,United States,OR 97801,Pendleton,http://oregon-gtfs.com/gtfs_data/pendleton-or-us/pendleton-or-us.zip,,Create New Feed and Add Datasets
tfs-1055,Commute.org San Mateo County Shuttles,commute-org-san-mateo-county-shuttles/1055,Commute.org San Mateo County Shuttles,commute.org/files/gtfs/Masterzip.zip,gtfs,mdb-61,United States,CA,San Mateo,https://www.commute.org/,,Create New Feed and Add Datasets
tfs-363,RIPTA GTFS,rhode-island-public-transit-authority/363,RIPTA GTFS,ripta.com/wp-content/uploads/2020/10/google_transit.zip,gtfs,mdb-624,United States,RI,Providence,http://www.ripta.com/mobile-applications,,Create New Feed and Add Datasets
tfs-684,SunRail GTFS,florida-department-of-transportation/684,SunRail GTFS,corporate.sunrail.com/wp-content/uploads/2016/05/google_transit.zip,gtfs,mdb-626,United States,FL,Orlando,http://corporate.sunrail.com/about-sunrail/gtfs-data-download/,,Create New Feed and Add Datasets
tfs-463,Eastern Point GTFS,tac-transportation/463,Eastern Point GTFS,oregon-gtfs.com/gtfs_data/easternpoint-or-us/easternpoint-or-us.zip,gtfs,mdb-632,United States,OR 97914,Ontario,,,Create New Feed and Add Datasets
tfs-487,VRB GTFS,valley-retriever-buslines/487,VRB GTFS,oregon-gtfs.com/gtfs_data/valleyretriever-or-us/valleyretriever-or-us.zip,gtfs,mdb-633,United States,OR,Newport,,,Create New Feed and Add Datasets
tfs-465,Eugene to Coos Bay,tac-transportation/465,Eugene to Coos Bay,oregon-gtfs.com/gtfs_data/eugenetocoosbay-or-us/eugenetocoosbay-or-us.zip,gtfs,mdb-634,United States,OR,Eugene,,,Create New Feed and Add Datasets
tfs-482,SouthWest POINT GTFS,southwest-point/482,SouthWest POINT GTFS,oregon-gtfs.com/gtfs_data/southwestpoint-or-us/southwestpoint-or-us.zip,gtfs,mdb-637,United States,OR,Brookings,,,Create New Feed and Add Datasets
tfs-474,NorthWest POINT GTFS,northwest-point/474,NorthWest POINT GTFS,oregon-gtfs.com/gtfs_data/northwestpoint-or-us/northwestpoint-or-us.zip,gtfs,mdb-638,United States,OR,Astoria,,,Create New Feed and Add Datasets
tfs-441,Cascade POINT GTFS,cascade-point/441,Cascade POINT GTFS,oregon-gtfs.com/gtfs_data/cascadespoint-or-us/cascadespoint-or-us.zip,gtfs,mdb-639,United States,OR,Eugene,,,Create New Feed and Add Datasets
tfs-701,Wheels GTFS,livermore-amador-valley-transit-authority/701,Wheels GTFS,wheelsbus.com/wp-content/uploads/2017/08/google_transit.zip,gtfs,mdb-64,United States,CA,Livermore,http://www.wheelsbus.com/about/developers/,,Create New Feed and Add Datasets
tfs-888,Wiener Linien GTFS,stadt-wien/888,Wiener Linien GTFS,wien.gv.at/data/zip/gtfs.zip,gtfs,mdb-648,Austria,,,https://www.data.gv.at/katalog/dataset/ab4a73b6-1c2d-42e1-b4d9-049e04889cf0,,Create New Feed and Add Datasets
tfs-6,Bundaberg GTFS,translink/6,Bundaberg GTFS,gtfsrt.api.translink.com.au/GTFS/bundaberg.zip,gtfs,mdb-651,Australia,,,https://data.qld.gov.au/dataset/general-transit-feed-specification-gtfs-qconnect/resource/699184c3-8c0e-44db-8a83-7e23709aefbe,,Create New Feed and Add Datasets
tfs-15,Maryborough / Harvey Bay GTFS,translink/15,Maryborough / Harvey Bay GTFS,gtfsrt.api.translink.com.au/GTFS/maryborough-herveybay.zip,gtfs,mdb-651,Australia,,,https://data.qld.gov.au/dataset/general-transit-feed-specification-gtfs-qconnect/resource/ee40c2d4-f170-426d-9719-3cc3e32c567c,,Create New Feed and Add Datasets
tfs-8,Gladstone GTFS,translink/8,Gladstone GTFS,gtfsrt.api.translink.com.au/GTFS/gladstone.zip,gtfs,mdb-651,Australia,,,https://data.qld.gov.au/dataset/general-transit-feed-specification-gtfs-qconnect/resource/254f67be-ea12-4da1-8475-c5424359290e,,Create New Feed and Add Datasets
tfs-17,Toowoomba GTFS,translink/17,Toowoomba GTFS,gtfsrt.api.translink.com.au/GTFS/toowoomba.zip,gtfs,mdb-653,Australia,,,https://data.qld.gov.au/dataset/general-transit-feed-specification-gtfs-qconnect/resource/48501fd9-148b-4b96-a9fa-b412d768048c,,Create New Feed and Add Datasets
tfs-1,Adelaide Metro GTFS,adelaide-metro/1,Adelaide Metro GTFS,adelaidemetro.com.au/GTFS/google_transit.zip,gtfs,mdb-660,Australia,,,http://www.adelaidemetro.com.au/Developer-Information,,Create New Feed and Add Datasets
tfs-14,Maleny / Landsborough GTFS,translink/14,Maleny / Landsborough GTFS,gtfsrt.api.translink.com.au/GTFS/maleny-landsborough.zip,gtfs,mdb-668,Australia,,,https://data.qld.gov.au/dataset/general-transit-feed-specification-gtfs-qconnect/resource/f1e2c86e-eac3-4852-b2c6-f5fc150645a5,,Create New Feed and Add Datasets
tfs-11,Kilcoy GTFS,translink/11,Kilcoy GTFS,gtfsrt.api.translink.com.au/GTFS/kilcoy.zip,gtfs,mdb-668,Australia,,,https://data.qld.gov.au/dataset/general-transit-feed-specification-gtfs-qconnect/resource/81202b71-e93b-4707-a991-4a03c4c0d3bb,,Create New Feed and Add Datasets
tfs-19,Warwick GTFS,translink/19,Warwick GTFS,gtfsrt.api.translink.com.au/GTFS/warwick.zip,gtfs,mdb-668,Australia,,,https://data.qld.gov.au/dataset/general-transit-feed-specification-gtfs-qconnect/resource/4b6cc276-0d70-4c9c-adac-0b8cb384268a,,Create New Feed and Add Datasets
tfs-9,Gympie GTFS,translink/9,Gympie GTFS,gtfsrt.api.translink.com.au/GTFS/gympie.zip,gtfs,mdb-668,Australia,,,https://data.qld.gov.au/dataset/general-transit-feed-specification-gtfs-qconnect/resource/e0366e86-298d-49e5-adbd-7be68c9e4b44,,Create New Feed and Add Datasets
tfs-10,Innisfail GTFS,translink/10,Innisfail GTFS,gtfsrt.api.translink.com.au/GTFS/innisfail.zip,gtfs,mdb-673,Australia,,,https://data.qld.gov.au/dataset/general-transit-feed-specification-gtfs-qconnect/resource/eaf2337f-368e-44ef-90e4-65858609b64e,,Create New Feed and Add Datasets
tfs-13,Magnetic Island GTFS,translink/13,Magnetic Island GTFS,gtfsrt.api.translink.com.au/GTFS/magnetic-island.zip,gtfs,mdb-674,Australia,Queensland,Magnetic Island,https://data.qld.gov.au/dataset/general-transit-feed-specification-gtfs-qconnect/resource/81030a70-b1e1-4cb1-b7ae-67051d1368e5,,Create New Feed and Add Datasets
tfs-794,Magnetic Island Ferry GTFS,translink/794,Magnetic Island Ferry GTFS,gtfsrt.api.translink.com.au/GTFS/sealink.zip,gtfs,mdb-674,Australia,Queensland,Magnetic Island,https://data.qld.gov.au/dataset/general-transit-feed-specification-gtfs-qconnect/resource/a7a3282c-ce87-4b4e-8b7b-70a4cc081ed6,,Create New Feed and Add Datasets
tfs-18,Townsville GTFS,translink/18,Townsville GTFS,gtfsrt.api.translink.com.au/GTFS/townsville.zip,gtfs,mdb-674,Australia,,,https://data.qld.gov.au/dataset/general-transit-feed-specification-gtfs-qconnect/resource/52000300-84cf-4a16-b85f-66c9debdb6b6,,Create New Feed and Add Datasets
tfs-12,Mackay GTFS,translink/12,Mackay GTFS,gtfsrt.api.translink.com.au/GTFS/mackay.zip,gtfs,mdb-675,Australia,,,https://data.qld.gov.au/dataset/general-transit-feed-specification-gtfs-qconnect/resource/03426b3e-1ea6-4878-bd9b-cfaef7ca2b1d,,Create New Feed and Add Datasets
tfs-20,Yeppoon GTFS,translink/20,Yeppoon GTFS,gtfsrt.api.translink.com.au/GTFS/yeppoon.zip,gtfs,mdb-675,Australia,,,https://data.qld.gov.au/dataset/general-transit-feed-specification-gtfs-qconnect/resource/63dec6b1-bb77-470f-bb34-54fa0db3d6a7,,Create New Feed and Add Datasets
tfs-5,Bowen GTFS,translink/5,Bowen GTFS,gtfsrt.api.translink.com.au/GTFS/bowen.zip,gtfs,mdb-675,Australia,,,https://data.qld.gov.au/dataset/general-transit-feed-specification-gtfs-qconnect/resource/999196bf-8815-47b5-ac90-e8caa9a7aee3,,Create New Feed and Add Datasets
tfs-16,Rockhampton GTFS,translink/16,Rockhampton GTFS,gtfsrt.api.translink.com.au/GTFS/rockhampton.zip,gtfs,mdb-675,Australia,,,https://data.qld.gov.au/dataset/general-transit-feed-specification-gtfs-qconnect/resource/ac8aa7e0-0153-43b8-bb3d-5848eefb5ac0,,Create New Feed and Add Datasets
tfs-4,Airlie Beach GTFS,translink/4,Airlie Beach GTFS,gtfsrt.api.translink.com.au/GTFS/airlie.zip,gtfs,mdb-675,Australia,,,https://data.qld.gov.au/dataset/general-transit-feed-specification-gtfs-qconnect/resource/2f002735-7373-46f0-b63d-8ba3a0b28f65,,Create New Feed and Add Datasets
tfs-27,ETS GTFS,edmonton-transit-system/27,ETS GTFS,gtfs.edmonton.ca/TMGTFSRealTimeWebService/GTFS/gtfs.zip,gtfs,mdb-714,Canada,AB,Edmonton,https://data.edmonton.ca/Transit/ETS-Bus-Schedule-GTFS-Data-Schedules-zipped-files/urjq-fvmq,,Create New Feed and Add Datasets
tfs-498,St Albert Transit GTFS,st-albert-transit/498,St Albert Transit GTFS,stalbert.ca/site/assets/files/3840/google_transit.zip,gtfs,mdb-714,Canada,AB,Saint Albert,https://stalbert.ca/city/transit/tools/open-data-gtfs/,,Create New Feed and Add Datasets
tfs-364,Strathcona County Transit GTFS,strathcona-county-transit/364,Strathcona County Transit GTFS,webpub2.strathcona.ab.ca/GTFS/Google_Transit.zip,gtfs,mdb-714,Canada,AB,Edmonton,https://data.strathcona.ca/Transportation/Strathcona-County-Transit-Bus-Schedule-GTFS-Data-F/2ek5-rxs5,,Create New Feed and Add Datasets
tfs-33,TTC GTFS,ttc/33,TTC GTFS,opendata.toronto.ca/TTC/routes/OpenData_TTC_Schedules.zip,gtfs,mdb-732,Canada,ON,Toronto,https://open.toronto.ca/dataset/ttc-routes-and-schedules/,,Create New Feed and Add Datasets
tfs-825,Capitol Corridor GTFS,capitol-corridor/825,Capitol Corridor GTFS,capitolcorridor.org/googletransit/google_transit.zip,gtfs,mdb-74,United States,CA,Oakland,https://www.capitolcorridor.org/developer_resources/,,Create New Feed and Add Datasets
tfs-137,CIT Sorel-Varennes GTFS,agence-metropolitaine-de-transport/137,CIT Sorel-Varennes GTFS,amt.qc.ca/xdata/citsv/google_transit.zip,gtfs,mdb-741,Canada,QC,Montreal,http://amt.qc.ca/developers/,,Create New Feed and Add Datasets
tfs-138,CIT Sud-ouest GTFS,agence-metropolitaine-de-transport/138,CIT Sud-ouest GTFS,amt.qc.ca/xdata/citso/google_transit.zip,gtfs,mdb-742,Canada,QC,Montreal,http://amt.qc.ca/developers/,,Create New Feed and Add Datasets
tfs-133,CIT La Presqu'île GTFS,agence-metropolitaine-de-transport/133,CIT La Presqu'île GTFS,amt.qc.ca/xdata/citpi/google_transit.zip,gtfs,mdb-743,Canada,QC,Montreal,http://amt.qc.ca/developers/,,Create New Feed and Add Datasets
tfs-141,MRC de Deux-Montagnes GTFS,agence-metropolitaine-de-transport/141,MRC de Deux-Montagnes GTFS,amt.qc.ca/xdata/mrc2m/google_transit.zip,gtfs,mdb-744,Canada,QC,Montreal,http://amt.qc.ca/developers/,,Create New Feed and Add Datasets
tfs-128,AMT Trains GTFS,agence-metropolitaine-de-transport/128,AMT Trains GTFS,amt.qc.ca/xdata/trains/google_transit.zip,gtfs,mdb-748,Canada,QC,Montreal,http://amt.qc.ca/developers/,,Create New Feed and Add Datasets
tfs-129,AMT Express GTFS,agence-metropolitaine-de-transport/129,AMT Express GTFS,amt.qc.ca/xdata/express/google_transit.zip,gtfs,mdb-748,Canada,QC,Montreal,http://amt.qc.ca/developers/,,Create New Feed and Add Datasets
tfs-130,CIT Chambly-Richelieu-Carignan GTFS,agence-metropolitaine-de-transport/130,CIT Chambly-Richelieu-Carignan GTFS,amt.qc.ca/xdata/citcrc/google_transit.zip,gtfs,mdb-750,Canada,QC,Montreal,http://amt.qc.ca/developers/,,Create New Feed and Add Datasets
tfs-139,CIT Vallée-du-Richelieu GTFS,agence-metropolitaine-de-transport/139,CIT Vallée-du-Richelieu GTFS,amt.qc.ca/xdata/citvr/google_transit.zip,gtfs,mdb-752,Canada,QC,Montreal,http://amt.qc.ca/developers/,,Create New Feed and Add Datasets
tfs-143,Ville de Sainte-Julie GTFS,agence-metropolitaine-de-transport/143,Ville de Sainte-Julie GTFS,amt.qc.ca/xdata/omitsju/google_transit.zip,gtfs,mdb-753,Canada,QC,Montreal,http://amt.qc.ca/developers/,,Create New Feed and Add Datasets
tfs-142,MRC les Moulins GTFS,agence-metropolitaine-de-transport/142,MRC les Moulins GTFS,amt.qc.ca/xdata/mrclm/google_transit.zip,gtfs,mdb-754,Canada,QC,Montreal,http://amt.qc.ca/developers/,,Create New Feed and Add Datasets
tfs-134,CRT Lanaudière GTFS,agence-metropolitaine-de-transport/134,CRT Lanaudière GTFS,amt.qc.ca/xdata/crtl/google_transit.zip,gtfs,mdb-754 | mdb-755,Canada,QC,Montreal,http://amt.qc.ca/developers/,,Create New Feed and Add Datasets
tfs-140,MRC de L'Assomption GTFS,agence-metropolitaine-de-transport/140,MRC de L'Assomption GTFS,amt.qc.ca/xdata/mrclasso/google_transit.zip,gtfs,mdb-755,Canada,QC,Montreal,http://amt.qc.ca/developers/,,Create New Feed and Add Datasets
tfs-629,RNV GTFS,rhein-neckar-verkehr/629,RNV GTFS,opendata.rnv-online.de/node/132/download,gtfs,mdb-777,Germany,,,https://opendata.rnv-online.de/datensaetze/gtfs-general-transit-feed-specification,,Create New Feed and Add Datasets
tfs-213,VBB GTFS,verkehrsverbund-berlin-brandenburg/213,VBB GTFS,vbb.de/media/download/2029,gtfs,mdb-782,Germany,,,https://www.vbb.de/unsere-themen/vbbdigital/api-entwicklerinfos/datensaetze,,Create New Feed and Add Datasets
tfs-719,EMT GTFS,emt-valencia/719,EMT GTFS,opendata.vlci.valencia.es:8443/dataset/4645f8bf-28d7-4420-bab2-d5c5e7de2a5a/resource/11591648-a984-4d64-89e3-3730f3123403/download/googletransit.zip,gtfs,mdb-795,Spain,,,http://gobiernoabierto.valencia.es/en/resource/?ds=google-transit-lineas-paradas-horarios-de-autobuses&id=fff9be2c-090d-4008-8ef0-89e8fa41d05a,,Create New Feed and Add Datasets
tfs-666,SolTrans GTFS,soltrans/666,SolTrans GTFS,data.trilliumtransit.com/gtfs/soltrans-ca-us/soltrans-ca-us.zip,gtfs,mdb-80,United States,CA,Solano County,,,Create New Feed and Add Datasets
tfs-301,Unitrans GTFS Feed,unitrans/301,Unitrans GTFS Feed,iportal.sacrt.com/GTFS/Unitrans/google_transit.zip,gtfs,mdb-82,United States,CA,Davis,,,Create New Feed and Add Datasets
tfs-749,Gold Country Stage GTFS,gold-country-stage/749,Gold Country Stage GTFS,data.trilliumtransit.com/gtfs/goldcountrystage-ca-us,gtfs,mdb-84,United States,CA,Nevada County,,,Create New Feed and Add Datasets
tfs-795,FlixBus GTFS,flixbus/795,FlixBus GTFS,data.ndovloket.nl/flixbus/flixbus-eu.zip,gtfs,mdb-853,Europe,,,http://data.ndovloket.nl/flixbus/,,Create New Feed and Add Datasets
tfs-338,FCRTA GTFS,fresno-county-rural-transit-agency/338,FCRTA GTFS,data.trilliumtransit.com/gtfs/fresnocounty-ca-us/fresnocounty-ca-us.zip,gtfs,mdb-853,United States,CA,Fresno,,,Create New Feed and Add Datasets
tfs-728,Jyväskylä GTFS,city-of-jyvaskyla/728,Jyväskylä GTFS,data.jyvaskyla.fi/tiedostot/linkkidata.zip,gtfs,mdb-867,Finland,,,,,Create New Feed and Add Datasets
tfs-729,Oulun joukkoliikenne GTFS,oulun-joukkoliikenne/729,Oulun joukkoliikenne GTFS,transitdata.fi/oulu/google_transit.zip,gtfs,mdb-869,Finland,,,,,Create New Feed and Add Datasets
tfs-761,South Clackamas Transportation District GTFS,south-clackamas-transportation-district/761,South Clackamas Transportation District GTFS,oregon-gtfs.com/gtfs_data/sctd-or-us/sctd-or-us.zip,gtfs,mdb-883,United States,OR,Clackamas County,http://oregon-gtfs.com/gtfs_data/sctd-or-us/sctd-or-us.zip,,Create New Feed and Add Datasets
tfs-56,FWTA GTFS,fort-worth-transportation-authority/56,FWTA GTFS,ftp://ftp.fwta.org/fwtatransitdata.zip,gtfs,mdb-885,United States,TX,Fort Worth,http://www.fwta.org/TransitDataGTFS.aspx,,Create New Feed and Add Datasets
tfs-347,San Joaquin RTD GTFS,san-joaquin-rtd/347,San Joaquin RTD GTFS,sanjoaquinrtd.com/RTD-GTFS/RTD-GTFS.zip,gtfs,mdb-886,United States,CA,Stockton,http://www.sanjoaquinrtd.com/developer/default.php,,Create New Feed and Add Datasets
tfs-315,FAX GTFS,fresno-area-express/315,FAX GTFS,gis4u.fresno.gov/downloads/zip/fax_gtfs.zip,gtfs,mdb-90,United States,CA,Fresno,https://www.fresno.gov/publicworks/developer-doorway/technical-library/,,Create New Feed and Add Datasets
tfs-152,Asheville Transit Service GTFS,asheville-transit-service/152,Asheville Transit Service GTFS,trilliumtransit.com/transit_feeds/asheville-nc-us/asheville-nc-us.zip,gtfs,mdb-903,United States,NC,Asheville,http://opendatacatalog.ashevillenc.gov/opendata/resource/26/google-transit-for-asheville/,,Create New Feed and Add Datasets
tfs-587,ZDiTM GTFS,zditm-szczecin/587,ZDiTM GTFS,zditm.szczecin.pl/rozklady/GTFS/latest/google_gtfs.zip,gtfs,mdb-981,Poland,,,,,Create New Feed and Add Datasets
tfs-42,BKK GTFS,bkk/42,BKK GTFS,bkk.hu/gtfs/budapest_gtfs.zip,gtfs,mdb-990,Hungary,,,,,Create New Feed and Add Datasets
tfs-593,Bibus GTFS,bibus/593,Bibus GTFS,applications002.brest-metropole.fr/VIPDU72/GPB/Lot_BrestMetropole_Bibus.zip,gtfs,mdb-999,France,,,https://geo.pays-de-brest.fr/actualites/Pages/public/Offre_Theorique_Bibus.aspx,,Create New Feed and Add Datasets
tfs-833,MATBUS GTFS,matbus/833,MATBUS GTFS,matbus.com/gtfs/google/google_transit.zip,gtfs,ntd-80003,United States,ND,Fargo,http://www.matbus.com/GTFSFeed.htm,,Create New Feed and Add Datasets
tfs-1007,ZET GTFS,zet-zagreba-ki-elektri-ni-tramvaj/1007,ZET GTFS,zet.hr/UserDocsImages/Prilozi/gtfs_18.2..zip,gtfs,tld-1071,Croatia,,,http://www.zet.hr/odredbe/datoteke-u-gtfs-formatu/669,,Create New Feed and Add Datasets
tfs-612,LANTA GTFS,lehigh-and-northampton-transportation-authority/612,LANTA GTFS,github.com/LANTA-Transportation-Authority/GTFS-data/blob/master/lanta_gtfs_feed.zip?raw=true,gtfs,tld-279,United States,PA,Allentown,,,Create New Feed and Add Datasets
tfs-597,Wichita Transit GTFS,wichita-transit/597,Wichita Transit GTFS,gtfs-data-exchange.com/agency/wichita-transit/latest.zip,gtfs,tld-395,United States,KS,Wichita,,,Create New Feed and Add Datasets
tfs-334,CATA GTFS,central-arkansas-transit-authority/334,CATA GTFS,metroplan.org/maps/transit/google_transit.zip,gtfs,tld-4470,United States,AR,Little Rock,,,Create New Feed and Add Datasets
tfs-628,Glendale Beeline GTFS,city-of-glendale/628,Glendale Beeline GTFS,glendaleca.gov/Home/ShowDocument?id=29549,gtfs,tld-471,United States,CA,Glendale,,,Create New Feed and Add Datasets
tfs-625,DAKK GTFS,dakk/625,DAKK GTFS,szegedimenetrend.hu/google_transit.zip,gtfs,tld-5862,Hungary,,,http://szegedimenetrend.hu,,Create New Feed and Add Datasets
tfs-658,La Burundesa GTFS,la-burundesa/658,La Burundesa GTFS,ftp://ftp.geo.euskadi.net/cartografia/Transporte/Moveuskadi/La_Burundesa/google_transit.zip,gtfs,tld-650,Spain,Biscay,Bilbao,,,Create New Feed and Add Datasets
tfs-131,CIT du Haut-Saint-Laurent GTFS,agence-metropolitaine-de-transport/131,CIT du Haut-Saint-Laurent GTFS,amt.qc.ca/xdata/cithsl/google_transit.zip,gtfs,tld-6692,Canada,QC,Montreal,http://amt.qc.ca/developers/,,Create New Feed and Add Datasets
tfs-739,ATAF GTFS,azienda-trasporti-dellarea-fiorentina/739,ATAF GTFS,dati.toscana.it/dataset/8bb8f8fe-fe7d-41d0-90dc-49f2456180d1/resource/a53a10ae-4d08-4f41-a9d0-0b99826ff00c/download/ataflinea.gtfs,gtfs,tld-6959,Italy,,,,,Create New Feed and Add Datasets
tfs-793,SBB CFF FFS GTFS,sbb-cff-ffs/793,SBB CFF FFS GTFS,opentransportdata.swiss/de/dataset/timetable-2021-gtfs2020/permalink,gtfs,tld-725,Switzerland,,,https://opentransportdata.swiss/de/dataset/timetable-2020-gtfs,,Create New Feed and Add Datasets
tfs-331,JTA GTFS,jacksonville-transportation-authority/331,JTA GTFS,schedules.jtafla.com/SchedulesGtfs/Download,gtfs,tld-764,United States,FL,Jacksonville,http://www.jtafla.com/schedules/,,Create New Feed and Add Datasets
tfs-800,The Victoria Clipper GTFS,the-victoria-clipper/800,The Victoria Clipper GTFS,github.com/zacs/victoriaclipper-gtfs/raw/master/build/clipper.zip,gtfs,tld-821,United States,WA,Seattle,https://github.com/zacs/victoriaclipper-gtfs/,,Create New Feed and Add Datasets